{
  "images" : [
    {
      "idiom" : "universal",
      "scale" : "1x"
    },
    {
      "filename" : "win_popup_bg.png",
      "idiom" : "universal",
      "resizing" : {
        "cap-insets" : {
          "bottom" : 27,
          "left" : 34,
          "right" : 30,
          "top" : 27
        },
        "center" : {
          "height" : 1,
          "mode" : "tile",
          "width" : 5
        },
        "mode" : "9-part"
      },
      "scale" : "2x"
    },
    {
      "idiom" : "universal",
      "scale" : "3x"
    }
  ],
  "info" : {
    "author" : "xcode",
    "version" : 1
  }
}
